"","study","germplasmName","trait","predicted.value","std.error","status"
"1","Adv_Stj_21","02-18228","Grain.yield...bu.ac",86.8745533954896,4.3009044759701,"Estimable"
"2","Adv_Stj_21","07-19334","Grain.yield...bu.ac",94.1812356012154,5.0512306884863,"Estimable"
"3","Adv_Stj_21","07-4415","Grain.yield...bu.ac",87.4077534914328,3.14137683459056,"Estimable"
"4","Adv_Stj_21","17-17739","Grain.yield...bu.ac",92.0085963171573,3.25275420115797,"Estimable"
"5","Adv_Stj_21","17-18534","Grain.yield...bu.ac",83.7342309298855,3.47214050273885,"Estimable"
"6","Adv_Stj_21","17-19355","Grain.yield...bu.ac",81.8418963520652,3.35118353934232,"Estimable"
"7","Adv_Stj_21","17-23874","Grain.yield...bu.ac",99.7941265508693,3.1347900202512,"Estimable"
"8","Adv_Stj_21","17-23902","Grain.yield...bu.ac",92.0553442687393,4.29188110469479,"Estimable"
"9","Adv_Stj_21","17-23904","Grain.yield...bu.ac",91.7233529835562,3.26969668105901,"Estimable"
"10","Adv_Stj_21","17-24508","Grain.yield...bu.ac",83.8077740513923,3.17960096343526,"Estimable"
"11","Adv_Stj_21","17-24663","Grain.yield...bu.ac",87.8468354588172,3.30434994151331,"Estimable"
"12","Adv_Stj_21","17-25205","Grain.yield...bu.ac",93.1386536654614,3.10559204736152,"Estimable"
"13","Adv_Stj_21","17-25927","Grain.yield...bu.ac",79.0224177875514,4.27029339137072,"Estimable"
"14","Adv_Stj_21","17-27559","Grain.yield...bu.ac",83.063648834077,3.16976820195268,"Estimable"
"15","Adv_Stj_21","17-27649","Grain.yield...bu.ac",80.6750334744177,3.37853308366375,"Estimable"
"16","Adv_Stj_21","17-29513","Grain.yield...bu.ac",85.6402487816614,4.42730465944388,"Estimable"
"17","Adv_Stj_21","17-29544","Grain.yield...bu.ac",88.8334681351762,3.38204637772227,"Estimable"
"18","Adv_Stj_21","17-31124","Grain.yield...bu.ac",80.9206675995928,3.33963647950574,"Estimable"
"19","Adv_Stj_21","17-31229","Grain.yield...bu.ac",85.3292174585898,4.28122647181667,"Estimable"
"20","Adv_Stj_21","17-31541","Grain.yield...bu.ac",84.9577472902319,3.1764596760639,"Estimable"
"21","Adv_Stj_21","17-31555","Grain.yield...bu.ac",86.8695162723553,3.13896576429507,"Estimable"
"22","Adv_Stj_21","17-8057","Grain.yield...bu.ac",83.2312271141561,3.24388370876718,"Estimable"
"23","Adv_Stj_21","17-8620","Grain.yield...bu.ac",88.3729132176695,4.55931388428191,"Estimable"
"24","Adv_Stj_21","17-8626","Grain.yield...bu.ac",80.7558466107443,3.21450180455755,"Estimable"
"25","Adv_Stj_21","17-8628","Grain.yield...bu.ac",86.8843807600026,3.23814443752139,"Estimable"
"26","Adv_Stj_21","17-8636","Grain.yield...bu.ac",76.8289536502491,3.23168137326366,"Estimable"
"27","Adv_Stj_21","17-8749","Grain.yield...bu.ac",72.8832025142572,3.5198911799524,"Estimable"
"28","Adv_Stj_21","17-8824","Grain.yield...bu.ac",79.2182733848781,3.09205534522712,"Estimable"
"29","Adv_Stj_21","17-8831","Grain.yield...bu.ac",94.5945204691327,3.44359764520514,"Estimable"
"30","Adv_Stj_21","17-9320","Grain.yield...bu.ac",78.0885847363483,3.15776424734801,"Estimable"
"31","Adv_Stj_21","17-9339","Grain.yield...bu.ac",87.360914816147,3.12694502154361,"Estimable"
"32","Adv_Stj_21","18-10212","Grain.yield...bu.ac",82.0330792036474,3.13467587048528,"Estimable"
"33","Adv_Stj_21","18-10216","Grain.yield...bu.ac",77.5439172822591,3.21590060412374,"Estimable"
"34","Adv_Stj_21","18-10768","Grain.yield...bu.ac",78.8112819155221,3.38027683949965,"Estimable"
"35","Adv_Stj_21","18-11122","Grain.yield...bu.ac",70.6728221530988,3.21504727690312,"Estimable"
"36","Adv_Stj_21","18-12001","Grain.yield...bu.ac",81.8711921368999,3.29104007073437,"Estimable"
"37","Adv_Stj_21","18-12022","Grain.yield...bu.ac",81.5999220857927,3.3280590987104,"Estimable"
"38","Adv_Stj_21","18-1250","Grain.yield...bu.ac",76.447256027764,3.39618996104154,"Estimable"
"39","Adv_Stj_21","18-12627","Grain.yield...bu.ac",80.6105508780115,3.39788967345465,"Estimable"
"40","Adv_Stj_21","18-12756","Grain.yield...bu.ac",87.007642666764,3.35650707531402,"Estimable"
"41","Adv_Stj_21","18-12772","Grain.yield...bu.ac",81.3820226819849,3.25783546047704,"Estimable"
"42","Adv_Stj_21","18-12804","Grain.yield...bu.ac",82.4096648321507,3.18952292606644,"Estimable"
"43","Adv_Stj_21","18-12809","Grain.yield...bu.ac",84.2383755791546,3.24989254343694,"Estimable"
"44","Adv_Stj_21","18-13012","Grain.yield...bu.ac",80.8080161074524,4.69703721154953,"Estimable"
"45","Adv_Stj_21","18-13061","Grain.yield...bu.ac",86.2223252331436,3.23695823547071,"Estimable"
"46","Adv_Stj_21","18-13635","Grain.yield...bu.ac",86.5091645616063,3.2824926380366,"Estimable"
"47","Adv_Stj_21","18-13748","Grain.yield...bu.ac",86.195157843095,3.39452423028415,"Estimable"
"48","Adv_Stj_21","18-13756","Grain.yield...bu.ac",84.0401836973274,3.31419777122283,"Estimable"
"49","Adv_Stj_21","18-13765","Grain.yield...bu.ac",91.943187193125,3.27707573316482,"Estimable"
"50","Adv_Stj_21","18-13852","Grain.yield...bu.ac",92.7336597232109,3.08978289614323,"Estimable"
"51","Adv_Stj_21","18-13954","Grain.yield...bu.ac",86.1794291348147,3.30898820331628,"Estimable"
"52","Adv_Stj_21","18-13965","Grain.yield...bu.ac",88.937971506128,3.14081825965351,"Estimable"
"53","Adv_Stj_21","18-14035","Grain.yield...bu.ac",76.0357189885775,3.35160589045851,"Estimable"
"54","Adv_Stj_21","18-14054","Grain.yield...bu.ac",83.1962487575369,3.17211775387418,"Estimable"
"55","Adv_Stj_21","18-14141","Grain.yield...bu.ac",83.8088787543988,3.30863793039493,"Estimable"
"56","Adv_Stj_21","18-14238","Grain.yield...bu.ac",81.1211215207202,3.14529041336829,"Estimable"
"57","Adv_Stj_21","18-14311","Grain.yield...bu.ac",86.1404406146565,3.11335991165391,"Estimable"
"58","Adv_Stj_21","18-14524","Grain.yield...bu.ac",83.5074839682387,3.42234648553581,"Estimable"
"59","Adv_Stj_21","18-14532","Grain.yield...bu.ac",86.3796279201092,3.62633087845148,"Estimable"
"60","Adv_Stj_21","18-14535","Grain.yield...bu.ac",92.944760005217,4.52287614463434,"Estimable"
"61","Adv_Stj_21","18-14538","Grain.yield...bu.ac",79.0909816514287,3.25772325103973,"Estimable"
"62","Adv_Stj_21","18-14932","Grain.yield...bu.ac",71.0599359579338,3.28584820145027,"Estimable"
"63","Adv_Stj_21","18-15021","Grain.yield...bu.ac",88.4215720389915,3.23113635834555,"Estimable"
"64","Adv_Stj_21","18-15042","Grain.yield...bu.ac",83.18197187806,3.54739860936472,"Estimable"
"65","Adv_Stj_21","18-15372","Grain.yield...bu.ac",86.6077029552419,3.44716656984164,"Estimable"
"66","Adv_Stj_21","18-15716","Grain.yield...bu.ac",90.5228145562712,3.32720960653834,"Estimable"
"67","Adv_Stj_21","18-1577","Grain.yield...bu.ac",80.3120702950611,3.55711269670772,"Estimable"
"68","Adv_Stj_21","18-16828","Grain.yield...bu.ac",89.5650533177003,4.36668559132363,"Estimable"
"69","Adv_Stj_21","18-16837","Grain.yield...bu.ac",76.0050507988618,3.40384845709212,"Estimable"
"70","Adv_Stj_21","18-17108","Grain.yield...bu.ac",84.8274476044517,3.15593569624418,"Estimable"
"71","Adv_Stj_21","18-17119","Grain.yield...bu.ac",87.2031012626979,3.09119180034168,"Estimable"
"72","Adv_Stj_21","18-17141","Grain.yield...bu.ac",86.8651033890449,3.17261814215657,"Estimable"
"73","Adv_Stj_21","18-17905","Grain.yield...bu.ac",90.0721869122671,3.33675634075629,"Estimable"
"74","Adv_Stj_21","18-19625","Grain.yield...bu.ac",83.6402387777697,3.49251565642117,"Estimable"
"75","Adv_Stj_21","18-19907","Grain.yield...bu.ac",82.8756950254356,3.28127630870038,"Estimable"
"76","Adv_Stj_21","18-20951","Grain.yield...bu.ac",93.1092625472253,3.23146926745039,"Estimable"
"77","Adv_Stj_21","18-22132","Grain.yield...bu.ac",89.4765763612734,3.15007945319125,"Estimable"
"78","Adv_Stj_21","18-22144","Grain.yield...bu.ac",84.4136925019692,3.37776463804371,"Estimable"
"79","Adv_Stj_21","18-22767","Grain.yield...bu.ac",93.4938060356334,3.43569315427488,"Estimable"
"80","Adv_Stj_21","18-22976","Grain.yield...bu.ac",93.6999853426745,3.34015505049191,"Estimable"
"81","Adv_Stj_21","18-23224","Grain.yield...bu.ac",85.7827651579596,3.34697980987936,"Estimable"
"82","Adv_Stj_21","18-23760","Grain.yield...bu.ac",92.9144922269126,3.36750111779875,"Estimable"
"83","Adv_Stj_21","18-23779","Grain.yield...bu.ac",80.8684097608985,3.27659910921792,"Estimable"
"84","Adv_Stj_21","18-24331","Grain.yield...bu.ac",85.5932973101306,3.11833545772719,"Estimable"
"85","Adv_Stj_21","18-25521","Grain.yield...bu.ac",86.0916430603179,3.39276498464192,"Estimable"
"86","Adv_Stj_21","18-26037","Grain.yield...bu.ac",87.6551279086506,3.25233657749008,"Estimable"
"87","Adv_Stj_21","18-26766","Grain.yield...bu.ac",76.8500851077918,3.34811998104391,"Estimable"
"88","Adv_Stj_21","18-27460","Grain.yield...bu.ac",91.0605847260172,3.45367612135933,"Estimable"
"89","Adv_Stj_21","18-28931","Grain.yield...bu.ac",100.888241658262,4.37388894007913,"Estimable"
"90","Adv_Stj_21","18-4360","Grain.yield...bu.ac",74.4961597072169,3.22031119317889,"Estimable"
"91","Adv_Stj_21","18-4910","Grain.yield...bu.ac",85.9378002350202,3.23931783004039,"Estimable"
"92","Adv_Stj_21","18-5270","Grain.yield...bu.ac",84.1019866389992,3.29064608659775,"Estimable"
"93","Adv_Stj_21","18-5304","Grain.yield...bu.ac",83.3489443414722,3.21548732392493,"Estimable"
"94","Adv_Stj_21","18-5737","Grain.yield...bu.ac",83.7658300949253,3.19119835570187,"Estimable"
"95","Adv_Stj_21","18-5837","Grain.yield...bu.ac",88.5621909191805,3.18152891086301,"Estimable"
"96","Adv_Stj_21","18-6274","Grain.yield...bu.ac",82.1641076281599,3.5297832417764,"Estimable"
"97","Adv_Stj_21","18-6551","Grain.yield...bu.ac",85.5462022780483,3.40830167529829,"Estimable"
"98","Adv_Stj_21","18-6651","Grain.yield...bu.ac",78.3027024996796,3.24444460569992,"Estimable"
"99","Adv_Stj_21","18-6852","Grain.yield...bu.ac",95.5657921829837,3.29870221785414,"Estimable"
"100","Adv_Stj_21","18-6860","Grain.yield...bu.ac",90.8606523064407,4.29380352421307,"Estimable"
"101","Adv_Stj_21","18-7320","Grain.yield...bu.ac",81.8313461636397,3.33183387465698,"Estimable"
"102","Adv_Stj_21","18-7518","Grain.yield...bu.ac",80.6383380380108,3.44204302320786,"Estimable"
"103","Adv_Stj_21","18-7750","Grain.yield...bu.ac",86.8560489791481,3.5245016688787,"Estimable"
"104","Adv_Stj_21","18-7928","Grain.yield...bu.ac",84.887711215551,3.10760670660629,"Estimable"
"105","Adv_Stj_21","18-7943","Grain.yield...bu.ac",86.0315150174612,3.22714289335315,"Estimable"
"106","Adv_Stj_21","18-8174","Grain.yield...bu.ac",90.0464053432563,3.2853600938091,"Estimable"
"107","Adv_Stj_21","18-827","Grain.yield...bu.ac",81.4730290827737,3.21351928778349,"Estimable"
"108","Adv_Stj_21","18-842","Grain.yield...bu.ac",89.5476134365662,3.1510941240705,"Estimable"
"109","Adv_Stj_21","18-8632","Grain.yield...bu.ac",85.3992847937994,3.30542786539105,"Estimable"
"110","Adv_Stj_21","18-9009","Grain.yield...bu.ac",80.9966371418883,3.09240958375159,"Estimable"
"111","Adv_Stj_21","18-904","Grain.yield...bu.ac",81.1487546012201,3.17848735443069,"Estimable"
"112","Adv_Stj_21","18-9355","Grain.yield...bu.ac",86.8165678793739,3.2906407374289,"Estimable"
"113","Adv_Stj_21","18-956","Grain.yield...bu.ac",84.9105746848028,3.31425873865412,"Estimable"
"114","Adv_Stj_21","18-9724","Grain.yield...bu.ac",87.3032694956465,3.26044355388301,"Estimable"
"115","Adv_Stj_21","18-9949","Grain.yield...bu.ac",86.3076949073547,3.24288024532034,"Estimable"
"116","Adv_Stj_21","18MSFRS-18","Grain.yield...bu.ac",99.8817941503657,3.3400781062193,"Estimable"
"117","Adv_Stj_21","18MSFRS-32","Grain.yield...bu.ac",86.090652155255,4.25467959756696,"Estimable"
"118","Adv_Stj_21","18MSFRS-50","Grain.yield...bu.ac",91.8379477316347,3.19027922962371,"Estimable"
"119","Adv_Stj_21","18MSFRS-53","Grain.yield...bu.ac",86.7353783708991,3.26798783014129,"Estimable"
"120","Adv_Stj_21","18MSFRS-60","Grain.yield...bu.ac",87.6207346424975,3.10337003473683,"Estimable"
"121","Adv_Stj_21","18MSFRS-66","Grain.yield...bu.ac",83.548623272593,3.23953934147775,"Estimable"
"122","Adv_Stj_21","Kaskaskia","Grain.yield...bu.ac",70.5481516843702,3.16953577272882,"Estimable"
"123","Adv_Stj_21","Pio 25R74","Grain.yield...bu.ac",92.0351566143918,3.20289090214198,"Estimable"
"124","Adv_Stj_21","US16-IL-061-029","Grain.yield...bu.ac",89.6811949728584,3.26065920000087,"Estimable"
"125","Adv_Stj_21","US16-IL-061-032","Grain.yield...bu.ac",86.0999511272555,3.24837847547256,"Estimable"
"126","Adv_Stj_21","US16-IL-061-046","Grain.yield...bu.ac",84.7524080647098,3.11761313577192,"Estimable"
"127","Adv_Stj_21","US16-IL-061-068","Grain.yield...bu.ac",86.4814461660902,3.13610868759,"Estimable"
"128","Adv_Stj_21","US16-IL-061-074","Grain.yield...bu.ac",73.8381221680261,3.35703174153634,"Estimable"
"129","Adv_Stj_21","US16-IL-061-075","Grain.yield...bu.ac",86.2184230194608,3.38599143200956,"Estimable"
"130","Adv_Stj_21","US16-IL-061-077","Grain.yield...bu.ac",81.3060189610674,3.11851120110828,"Estimable"
"131","Adv_Stj_21","US16-IL-061-100","Grain.yield...bu.ac",88.7524148068447,3.1956462139791,"Estimable"
"132","Adv_Stj_21","US16-IL-061-102","Grain.yield...bu.ac",81.6659866200408,3.10939517473494,"Estimable"
"133","Adv_Stj_21","US16-IL-061-132","Grain.yield...bu.ac",80.9943912613905,3.36304328221834,"Estimable"
"134","Adv_Stj_21","US16-IL-061-162","Grain.yield...bu.ac",86.527271713089,3.1306996198686,"Estimable"
"135","Adv_Stj_21","US16-IL-062-031","Grain.yield...bu.ac",95.0426761061638,4.33786987555166,"Estimable"
"136","Adv_Stj_21","US16-IL-062-109","Grain.yield...bu.ac",92.8410154449645,4.47130033467643,"Estimable"
"137","Adv_Stj_21","US16-IL-063-026","Grain.yield...bu.ac",82.1784963442564,3.10365146983178,"Estimable"
"138","Adv_Stj_21","US16-IL-063-030","Grain.yield...bu.ac",93.78896520541,4.78829636183803,"Estimable"
"139","Adv_Stj_21","US16-IL-063-063","Grain.yield...bu.ac",87.0315264002411,3.2888600929104,"Estimable"
"140","Adv_Stj_21","US16-IL-063-154","Grain.yield...bu.ac",85.7409420095849,3.36020467394285,"Estimable"
"141","Adv_Stj_21","US16-IL-063-177","Grain.yield...bu.ac",86.8632123025112,3.33932496810004,"Estimable"
"142","Adv_Stj_21","US16-IL-063-234","Grain.yield...bu.ac",79.0147097571304,3.24442585379925,"Estimable"
"143","Adv_Stj_21","US16-IL-064-029","Grain.yield...bu.ac",89.4257820968885,3.3018513306305,"Estimable"
"144","Adv_Stj_21","US16-IL-064-095","Grain.yield...bu.ac",89.1579934210099,3.22330007331559,"Estimable"
"145","Adv_Stj_21","US16-IL-064-160","Grain.yield...bu.ac",87.576087630747,3.08947037808552,"Estimable"
"146","Adv_Stj_21","US16-IL-064-230","Grain.yield...bu.ac",81.4669224630482,3.31087468910498,"Estimable"
"147","Adv_Stj_21","US16-IL-064-235","Grain.yield...bu.ac",83.9764289098985,3.24039916697185,"Estimable"
"148","Adv_Stj_21","US16-IL-064-248","Grain.yield...bu.ac",86.8971305649164,3.23105315515358,"Estimable"
"149","Adv_Stj_21","US16-IL-065-010","Grain.yield...bu.ac",84.0911863254879,3.20499647033205,"Estimable"
"150","Adv_Stj_21","US16-IL-065-030","Grain.yield...bu.ac",75.4843940199667,3.25177698747495,"Estimable"
"151","Adv_Stj_21","US16-IL-065-037","Grain.yield...bu.ac",83.1453750013457,4.3215840796768,"Estimable"
"152","Adv_Stj_21","US16-IL-065-111","Grain.yield...bu.ac",89.5451089804543,3.12720684536147,"Estimable"
"153","Adv_Stj_21","US17-IL-108-005","Grain.yield...bu.ac",83.5286550870878,3.26774586203693,"Estimable"
"154","Adv_Stj_21","US17-IL-108-035","Grain.yield...bu.ac",95.4118063012639,3.13330772462604,"Estimable"
"155","Adv_Stj_21","US17-IL-108-039","Grain.yield...bu.ac",98.3987984816714,3.46234243359198,"Estimable"
"156","Adv_Stj_21","US17-IL-108-047","Grain.yield...bu.ac",92.0949381930304,3.38787812223914,"Estimable"
"157","Adv_Stj_21","US17-IL-108-059","Grain.yield...bu.ac",86.6037447388688,3.29093401245043,"Estimable"
"158","Adv_Stj_21","US17-IL-108-065","Grain.yield...bu.ac",86.0525395130322,3.28912593775871,"Estimable"
"159","Adv_Stj_21","US17-IL-108-068","Grain.yield...bu.ac",93.2702321770787,3.23842878386293,"Estimable"
"160","Adv_Stj_21","US17-IL-108-070","Grain.yield...bu.ac",86.1095291337761,3.32410016450668,"Estimable"
"161","Adv_Stj_21","US17-IL-109-046","Grain.yield...bu.ac",87.3624827963683,3.14960002578911,"Estimable"
"162","Adv_Stj_21","US17-IL-109-056","Grain.yield...bu.ac",82.7101762054883,4.72106671040767,"Estimable"
"163","Adv_Stj_21","US17-IL-111-005","Grain.yield...bu.ac",89.5404919347484,3.58525421601026,"Estimable"
"164","Adv_Stj_21","US17-IL-111-006","Grain.yield...bu.ac",80.6101752067933,3.51535687112331,"Estimable"
"165","Adv_Stj_21","US17-IL-111-008","Grain.yield...bu.ac",79.4875170650285,3.26595798225518,"Estimable"
"166","Adv_Stj_21","US17-IL-111-012","Grain.yield...bu.ac",86.9053334578339,3.17344786065132,"Estimable"
"167","Adv_Stj_21","US17-IL-111-013","Grain.yield...bu.ac",89.9479446071608,3.50776427296624,"Estimable"
"168","Adv_Stj_21","US17-IL-111-015","Grain.yield...bu.ac",84.4608600205749,3.2766510257109,"Estimable"
"169","Adv_Stj_21","US17-IL-111-019","Grain.yield...bu.ac",89.3583425501866,3.14419948150189,"Estimable"
"170","Adv_Stj_21","US17-IL-111-028","Grain.yield...bu.ac",85.7688900434932,4.21089695870595,"Estimable"
"171","Adv_Stj_21","US17-IL-111-042","Grain.yield...bu.ac",75.1568428748809,3.42620955118314,"Estimable"
"172","Adv_Stj_21","US17-IL-111-049","Grain.yield...bu.ac",79.9772909606947,3.15750927959576,"Estimable"
"173","Adv_Stj_21","US17-IL-112-002","Grain.yield...bu.ac",80.9855702191918,3.50489875812964,"Estimable"
"174","Adv_Stj_21","US17-IL-112-013","Grain.yield...bu.ac",85.747375446613,3.26520001004578,"Estimable"
"175","Adv_Stj_21","US17-IL-112-035","Grain.yield...bu.ac",73.29583608324,3.44289178581186,"Estimable"
"176","Adv_Stj_21","02-18228","Grain.test.weight...lbs.bu",60.4227607368054,0.515909127453264,"Estimable"
"177","Adv_Stj_21","07-19334","Grain.test.weight...lbs.bu",58.1973457295292,0.526598671843431,"Estimable"
"178","Adv_Stj_21","07-4415","Grain.test.weight...lbs.bu",57.0224675771672,0.366352295134849,"Estimable"
"179","Adv_Stj_21","17-17739","Grain.test.weight...lbs.bu",61.2006292613348,0.368821495187265,"Estimable"
"180","Adv_Stj_21","17-18534","Grain.test.weight...lbs.bu",58.3331187929587,0.367527868888525,"Estimable"
"181","Adv_Stj_21","17-19355","Grain.test.weight...lbs.bu",59.7697383967793,0.36700535935437,"Estimable"
"182","Adv_Stj_21","17-23874","Grain.test.weight...lbs.bu",57.5243548835946,0.366098735223506,"Estimable"
"183","Adv_Stj_21","17-23902","Grain.test.weight...lbs.bu",59.1956657722152,0.515575333524107,"Estimable"
"184","Adv_Stj_21","17-23904","Grain.test.weight...lbs.bu",58.90067519388,0.366254539602941,"Estimable"
"185","Adv_Stj_21","17-24508","Grain.test.weight...lbs.bu",59.4849372636648,0.368450892175651,"Estimable"
"186","Adv_Stj_21","17-24663","Grain.test.weight...lbs.bu",57.8512021226362,0.369650199845712,"Estimable"
"187","Adv_Stj_21","17-25205","Grain.test.weight...lbs.bu",60.0859863585628,0.365565610003961,"Estimable"
"188","Adv_Stj_21","17-25927","Grain.test.weight...lbs.bu",60.8434633380419,0.515315509809912,"Estimable"
"189","Adv_Stj_21","17-27559","Grain.test.weight...lbs.bu",60.0265081031098,0.365840877119001,"Estimable"
"190","Adv_Stj_21","17-27649","Grain.test.weight...lbs.bu",55.4361801793319,0.366682735097282,"Estimable"
"191","Adv_Stj_21","17-29513","Grain.test.weight...lbs.bu",57.760461270294,0.524126029505492,"Estimable"
"192","Adv_Stj_21","17-29544","Grain.test.weight...lbs.bu",59.0524578701697,0.368923557533372,"Estimable"
"193","Adv_Stj_21","17-31124","Grain.test.weight...lbs.bu",60.7889999722645,0.3672533039807,"Estimable"
"194","Adv_Stj_21","17-31229","Grain.test.weight...lbs.bu",58.4219723726312,0.51607702093881,"Estimable"
"195","Adv_Stj_21","17-31541","Grain.test.weight...lbs.bu",59.1678564328093,0.366634111200493,"Estimable"
"196","Adv_Stj_21","17-31555","Grain.test.weight...lbs.bu",59.7760193503035,0.366343454025042,"Estimable"
"197","Adv_Stj_21","17-8057","Grain.test.weight...lbs.bu",58.7684119294936,0.368930189600597,"Estimable"
"198","Adv_Stj_21","17-8620","Grain.test.weight...lbs.bu",59.6207514077842,0.517926415439699,"Estimable"
"199","Adv_Stj_21","17-8626","Grain.test.weight...lbs.bu",59.4620659574003,0.366387560940714,"Estimable"
"200","Adv_Stj_21","17-8628","Grain.test.weight...lbs.bu",60.6360239687817,0.366994264586034,"Estimable"
"201","Adv_Stj_21","17-8636","Grain.test.weight...lbs.bu",58.623482433046,0.366754834375462,"Estimable"
"202","Adv_Stj_21","17-8749","Grain.test.weight...lbs.bu",57.067415030018,0.372399227024904,"Estimable"
"203","Adv_Stj_21","17-8824","Grain.test.weight...lbs.bu",58.9219952733046,0.366338130681118,"Estimable"
"204","Adv_Stj_21","17-8831","Grain.test.weight...lbs.bu",58.5568363540982,0.36743042352494,"Estimable"
"205","Adv_Stj_21","17-9320","Grain.test.weight...lbs.bu",61.6320945703816,0.365792573949832,"Estimable"
"206","Adv_Stj_21","17-9339","Grain.test.weight...lbs.bu",59.1315099108374,0.365627429943184,"Estimable"
"207","Adv_Stj_21","18-10212","Grain.test.weight...lbs.bu",60.0303071937764,0.366154743876259,"Estimable"
"208","Adv_Stj_21","18-10216","Grain.test.weight...lbs.bu",57.7928956335032,0.365883687832181,"Estimable"
"209","Adv_Stj_21","18-10768","Grain.test.weight...lbs.bu",59.472871535437,0.3670383211115,"Estimable"
"210","Adv_Stj_21","18-11122","Grain.test.weight...lbs.bu",59.2415687428179,0.369022455509147,"Estimable"
"211","Adv_Stj_21","18-12001","Grain.test.weight...lbs.bu",59.5513934440703,0.369423983363384,"Estimable"
"212","Adv_Stj_21","18-12022","Grain.test.weight...lbs.bu",58.5215724325452,0.369618586760901,"Estimable"
"213","Adv_Stj_21","18-1250","Grain.test.weight...lbs.bu",59.771262457419,0.369874779066497,"Estimable"
"214","Adv_Stj_21","18-12627","Grain.test.weight...lbs.bu",60.611549763356,0.369549823547027,"Estimable"
"215","Adv_Stj_21","18-12756","Grain.test.weight...lbs.bu",59.3024624020805,0.367170316447312,"Estimable"
"216","Adv_Stj_21","18-12772","Grain.test.weight...lbs.bu",59.2925232869123,0.368489730336653,"Estimable"
"217","Adv_Stj_21","18-12804","Grain.test.weight...lbs.bu",58.5723066930676,0.36897399652853,"Estimable"
"218","Adv_Stj_21","18-12809","Grain.test.weight...lbs.bu",59.2736919253023,0.366022303578321,"Estimable"
"219","Adv_Stj_21","18-13012","Grain.test.weight...lbs.bu",57.6619893558871,0.518587479191614,"Estimable"
"220","Adv_Stj_21","18-13061","Grain.test.weight...lbs.bu",60.6379823495445,0.366723946981263,"Estimable"
"221","Adv_Stj_21","18-13635","Grain.test.weight...lbs.bu",58.1100499901182,0.366482429806754,"Estimable"
"222","Adv_Stj_21","18-13748","Grain.test.weight...lbs.bu",59.1458056601978,0.369722608939168,"Estimable"
"223","Adv_Stj_21","18-13756","Grain.test.weight...lbs.bu",59.8991685066174,0.36638403572257,"Estimable"
"224","Adv_Stj_21","18-13765","Grain.test.weight...lbs.bu",59.5723305245968,0.366439119596558,"Estimable"
"225","Adv_Stj_21","18-13852","Grain.test.weight...lbs.bu",58.5541061449405,0.366230870103247,"Estimable"
"226","Adv_Stj_21","18-13954","Grain.test.weight...lbs.bu",59.6626340255742,0.366808608596897,"Estimable"
"227","Adv_Stj_21","18-13965","Grain.test.weight...lbs.bu",58.9682296906167,0.365983323514174,"Estimable"
"228","Adv_Stj_21","18-14035","Grain.test.weight...lbs.bu",59.0500144048765,0.372353144363803,"Estimable"
"229","Adv_Stj_21","18-14054","Grain.test.weight...lbs.bu",58.4376010554647,0.368856208212813,"Estimable"
"230","Adv_Stj_21","18-14141","Grain.test.weight...lbs.bu",58.8176112298182,0.366394899892306,"Estimable"
"231","Adv_Stj_21","18-14238","Grain.test.weight...lbs.bu",60.8669572924649,0.365716964095948,"Estimable"
"232","Adv_Stj_21","18-14311","Grain.test.weight...lbs.bu",60.7009180602909,0.366120904742907,"Estimable"
"233","Adv_Stj_21","18-14524","Grain.test.weight...lbs.bu",58.5342843353902,0.369239826997408,"Estimable"
"234","Adv_Stj_21","18-14532","Grain.test.weight...lbs.bu",58.7563974804478,0.376458311466307,"Estimable"
"235","Adv_Stj_21","18-14535","Grain.test.weight...lbs.bu",60.1022122494239,0.524639928651025,"Estimable"
"236","Adv_Stj_21","18-14538","Grain.test.weight...lbs.bu",57.6572121271723,0.369787716244466,"Estimable"
"237","Adv_Stj_21","18-14932","Grain.test.weight...lbs.bu",60.1910733884168,0.366981655274104,"Estimable"
"238","Adv_Stj_21","18-15021","Grain.test.weight...lbs.bu",59.1170381299407,0.368853303048244,"Estimable"
"239","Adv_Stj_21","18-15042","Grain.test.weight...lbs.bu",59.6063369245371,0.368071946013482,"Estimable"
"240","Adv_Stj_21","18-15372","Grain.test.weight...lbs.bu",59.8939345491233,0.369021847176493,"Estimable"
"241","Adv_Stj_21","18-15716","Grain.test.weight...lbs.bu",59.2006256445707,0.369599760407617,"Estimable"
"242","Adv_Stj_21","18-1577","Grain.test.weight...lbs.bu",60.1496084928927,0.367339678889344,"Estimable"
"243","Adv_Stj_21","18-16828","Grain.test.weight...lbs.bu",58.6618969025481,0.516110823615616,"Estimable"
"244","Adv_Stj_21","18-16837","Grain.test.weight...lbs.bu",60.2508131047852,0.366892418909677,"Estimable"
"245","Adv_Stj_21","18-17108","Grain.test.weight...lbs.bu",59.204868911084,0.36530505697974,"Estimable"
"246","Adv_Stj_21","18-17119","Grain.test.weight...lbs.bu",59.6841456518683,0.365851613041096,"Estimable"
"247","Adv_Stj_21","18-17141","Grain.test.weight...lbs.bu",59.2934790924386,0.369469568499766,"Estimable"
"248","Adv_Stj_21","18-17905","Grain.test.weight...lbs.bu",59.2715793522637,0.369310348136418,"Estimable"
"249","Adv_Stj_21","18-19625","Grain.test.weight...lbs.bu",57.5816576425843,0.367151135482833,"Estimable"
"250","Adv_Stj_21","18-19907","Grain.test.weight...lbs.bu",58.5484353409267,0.367048676314816,"Estimable"
"251","Adv_Stj_21","18-20951","Grain.test.weight...lbs.bu",57.2219951363676,0.366283313457709,"Estimable"
"252","Adv_Stj_21","18-22132","Grain.test.weight...lbs.bu",60.6459887019398,0.366500285260071,"Estimable"
"253","Adv_Stj_21","18-22144","Grain.test.weight...lbs.bu",59.5445019614928,0.366737661434881,"Estimable"
"254","Adv_Stj_21","18-22767","Grain.test.weight...lbs.bu",58.071831494096,0.369490901119741,"Estimable"
"255","Adv_Stj_21","18-22976","Grain.test.weight...lbs.bu",58.650425990277,0.366824068105674,"Estimable"
"256","Adv_Stj_21","18-23224","Grain.test.weight...lbs.bu",60.6778562876089,0.369215353300913,"Estimable"
"257","Adv_Stj_21","18-23760","Grain.test.weight...lbs.bu",59.1666686376224,0.369110739804298,"Estimable"
"258","Adv_Stj_21","18-23779","Grain.test.weight...lbs.bu",60.2861258053784,0.36938126417544,"Estimable"
"259","Adv_Stj_21","18-24331","Grain.test.weight...lbs.bu",59.2159515632612,0.366039315855454,"Estimable"
"260","Adv_Stj_21","18-25521","Grain.test.weight...lbs.bu",60.3050672857652,0.368892174015662,"Estimable"
"261","Adv_Stj_21","18-26037","Grain.test.weight...lbs.bu",59.873022779849,0.366384557772395,"Estimable"
"262","Adv_Stj_21","18-26766","Grain.test.weight...lbs.bu",60.2641579593403,0.369746162892263,"Estimable"
"263","Adv_Stj_21","18-27460","Grain.test.weight...lbs.bu",58.5781526919179,0.37241245858298,"Estimable"
"264","Adv_Stj_21","18-28931","Grain.test.weight...lbs.bu",55.6345773479225,0.516071169077536,"Estimable"
"265","Adv_Stj_21","18-4360","Grain.test.weight...lbs.bu",59.330601808869,0.36913976597817,"Estimable"
"266","Adv_Stj_21","18-4910","Grain.test.weight...lbs.bu",60.8894527196352,0.368736064975241,"Estimable"
"267","Adv_Stj_21","18-5270","Grain.test.weight...lbs.bu",56.2620540073454,0.369783221387137,"Estimable"
"268","Adv_Stj_21","18-5304","Grain.test.weight...lbs.bu",58.742778554411,0.368942262999086,"Estimable"
"269","Adv_Stj_21","18-5737","Grain.test.weight...lbs.bu",58.9409083741263,0.369120685895167,"Estimable"
"270","Adv_Stj_21","18-5837","Grain.test.weight...lbs.bu",60.2343103435118,0.366168314827967,"Estimable"
"271","Adv_Stj_21","18-6274","Grain.test.weight...lbs.bu",60.5124351648153,0.369997439497657,"Estimable"
"272","Adv_Stj_21","18-6551","Grain.test.weight...lbs.bu",60.2803413179516,0.375061592455522,"Estimable"
"273","Adv_Stj_21","18-6651","Grain.test.weight...lbs.bu",58.0315436804231,0.368614296003685,"Estimable"
"274","Adv_Stj_21","18-6852","Grain.test.weight...lbs.bu",59.6636561432038,0.366602916698995,"Estimable"
"275","Adv_Stj_21","18-6860","Grain.test.weight...lbs.bu",58.1040628105598,0.516493255620978,"Estimable"
"276","Adv_Stj_21","18-7320","Grain.test.weight...lbs.bu",57.4422667423443,0.369338728255025,"Estimable"
"277","Adv_Stj_21","18-7518","Grain.test.weight...lbs.bu",59.1853466919598,0.369497912825312,"Estimable"
"278","Adv_Stj_21","18-7750","Grain.test.weight...lbs.bu",59.1229930981162,0.372553760911499,"Estimable"
"279","Adv_Stj_21","18-7928","Grain.test.weight...lbs.bu",60.2847870075099,0.366237611254582,"Estimable"
"280","Adv_Stj_21","18-7943","Grain.test.weight...lbs.bu",60.2275101466389,0.366361719719537,"Estimable"
"281","Adv_Stj_21","18-8174","Grain.test.weight...lbs.bu",59.4434016235975,0.37004076318282,"Estimable"
"282","Adv_Stj_21","18-827","Grain.test.weight...lbs.bu",59.3820064336396,0.366590199616289,"Estimable"
"283","Adv_Stj_21","18-842","Grain.test.weight...lbs.bu",59.1868415415105,0.366854330738647,"Estimable"
"284","Adv_Stj_21","18-8632","Grain.test.weight...lbs.bu",59.4743435022063,0.36706995624747,"Estimable"
"285","Adv_Stj_21","18-9009","Grain.test.weight...lbs.bu",59.6803371009471,0.36668231732853,"Estimable"
"286","Adv_Stj_21","18-904","Grain.test.weight...lbs.bu",60.3459019332276,0.368979898599192,"Estimable"
"287","Adv_Stj_21","18-9355","Grain.test.weight...lbs.bu",58.6833255496878,0.366622947207318,"Estimable"
"288","Adv_Stj_21","18-956","Grain.test.weight...lbs.bu",60.9001750493409,0.367635177558912,"Estimable"
"289","Adv_Stj_21","18-9724","Grain.test.weight...lbs.bu",60.1755439374011,0.366180774748647,"Estimable"
"290","Adv_Stj_21","18-9949","Grain.test.weight...lbs.bu",58.3482590398198,0.368640875002526,"Estimable"
"291","Adv_Stj_21","18MSFRS-18","Grain.test.weight...lbs.bu",58.93943555662,0.36969067987716,"Estimable"
"292","Adv_Stj_21","18MSFRS-32","Grain.test.weight...lbs.bu",57.7171558423673,0.516745164694924,"Estimable"
"293","Adv_Stj_21","18MSFRS-50","Grain.test.weight...lbs.bu",59.831972122383,0.366015106257909,"Estimable"
"294","Adv_Stj_21","18MSFRS-53","Grain.test.weight...lbs.bu",56.5907798153029,0.369996219101584,"Estimable"
"295","Adv_Stj_21","18MSFRS-60","Grain.test.weight...lbs.bu",58.0901793703747,0.366595299346468,"Estimable"
"296","Adv_Stj_21","18MSFRS-66","Grain.test.weight...lbs.bu",55.528647340415,0.36909442024748,"Estimable"
"297","Adv_Stj_21","Kaskaskia","Grain.test.weight...lbs.bu",58.7976026841583,0.366738857425668,"Estimable"
"298","Adv_Stj_21","Pio 25R74","Grain.test.weight...lbs.bu",57.4028091092616,0.368667456849818,"Estimable"
"299","Adv_Stj_21","US16-IL-061-029","Grain.test.weight...lbs.bu",58.9981460840688,0.366236911327696,"Estimable"
"300","Adv_Stj_21","US16-IL-061-032","Grain.test.weight...lbs.bu",59.0111541444642,0.366072395965931,"Estimable"
"301","Adv_Stj_21","US16-IL-061-046","Grain.test.weight...lbs.bu",58.8865569799023,0.365828851333787,"Estimable"
"302","Adv_Stj_21","US16-IL-061-068","Grain.test.weight...lbs.bu",59.6533545363311,0.36686359086774,"Estimable"
"303","Adv_Stj_21","US16-IL-061-074","Grain.test.weight...lbs.bu",58.8349680906408,0.366375078776439,"Estimable"
"304","Adv_Stj_21","US16-IL-061-075","Grain.test.weight...lbs.bu",58.6621645002359,0.369933872497064,"Estimable"
"305","Adv_Stj_21","US16-IL-061-077","Grain.test.weight...lbs.bu",58.8740027783687,0.366172045989315,"Estimable"
"306","Adv_Stj_21","US16-IL-061-100","Grain.test.weight...lbs.bu",58.8913039601821,0.365702293239957,"Estimable"
"307","Adv_Stj_21","US16-IL-061-102","Grain.test.weight...lbs.bu",58.6282828428745,0.366368563140369,"Estimable"
"308","Adv_Stj_21","US16-IL-061-132","Grain.test.weight...lbs.bu",59.2648043704382,0.372006818923192,"Estimable"
"309","Adv_Stj_21","US16-IL-061-162","Grain.test.weight...lbs.bu",59.8614152892746,0.366092479360457,"Estimable"
"310","Adv_Stj_21","US16-IL-062-031","Grain.test.weight...lbs.bu",61.9757276393373,0.517609210463082,"Estimable"
"311","Adv_Stj_21","US16-IL-062-109","Grain.test.weight...lbs.bu",59.8316967845262,0.523464282893621,"Estimable"
"312","Adv_Stj_21","US16-IL-063-026","Grain.test.weight...lbs.bu",59.9962255023756,0.365719967155363,"Estimable"
"313","Adv_Stj_21","US16-IL-063-030","Grain.test.weight...lbs.bu",59.2609521932936,0.525620616298348,"Estimable"
"314","Adv_Stj_21","US16-IL-063-063","Grain.test.weight...lbs.bu",58.5868163669045,0.368915982606503,"Estimable"
"315","Adv_Stj_21","US16-IL-063-154","Grain.test.weight...lbs.bu",57.806423519834,0.366722232326403,"Estimable"
"316","Adv_Stj_21","US16-IL-063-177","Grain.test.weight...lbs.bu",59.2171103692855,0.369723456180446,"Estimable"
"317","Adv_Stj_21","US16-IL-063-234","Grain.test.weight...lbs.bu",59.2101658333051,0.366132790600296,"Estimable"
"318","Adv_Stj_21","US16-IL-064-029","Grain.test.weight...lbs.bu",60.6385314254391,0.366833418917219,"Estimable"
"319","Adv_Stj_21","US16-IL-064-095","Grain.test.weight...lbs.bu",60.3803901861108,0.366569874345602,"Estimable"
"320","Adv_Stj_21","US16-IL-064-160","Grain.test.weight...lbs.bu",61.2811083736257,0.365901479543127,"Estimable"
"321","Adv_Stj_21","US16-IL-064-230","Grain.test.weight...lbs.bu",59.5316636015683,0.366887260787253,"Estimable"
"322","Adv_Stj_21","US16-IL-064-235","Grain.test.weight...lbs.bu",57.9861996106124,0.366357737792543,"Estimable"
"323","Adv_Stj_21","US16-IL-064-248","Grain.test.weight...lbs.bu",58.8634517241845,0.365321982735592,"Estimable"
"324","Adv_Stj_21","US16-IL-065-010","Grain.test.weight...lbs.bu",60.6069881027375,0.366185823990678,"Estimable"
"325","Adv_Stj_21","US16-IL-065-030","Grain.test.weight...lbs.bu",59.9421600879451,0.367122027293243,"Estimable"
"326","Adv_Stj_21","US16-IL-065-037","Grain.test.weight...lbs.bu",59.7826799255056,0.515381761552857,"Estimable"
"327","Adv_Stj_21","US16-IL-065-111","Grain.test.weight...lbs.bu",56.520403212656,0.369214628427044,"Estimable"
"328","Adv_Stj_21","US17-IL-108-005","Grain.test.weight...lbs.bu",60.104697823486,0.366807896341167,"Estimable"
"329","Adv_Stj_21","US17-IL-108-035","Grain.test.weight...lbs.bu",58.8640183457313,0.365928301274706,"Estimable"
"330","Adv_Stj_21","US17-IL-108-039","Grain.test.weight...lbs.bu",59.3063174368067,0.372965698152156,"Estimable"
"331","Adv_Stj_21","US17-IL-108-047","Grain.test.weight...lbs.bu",59.9491239438031,0.369241978994002,"Estimable"
"332","Adv_Stj_21","US17-IL-108-059","Grain.test.weight...lbs.bu",58.4011754422363,0.369767939575455,"Estimable"
"333","Adv_Stj_21","US17-IL-108-065","Grain.test.weight...lbs.bu",60.265270462251,0.369287526927205,"Estimable"
"334","Adv_Stj_21","US17-IL-108-068","Grain.test.weight...lbs.bu",59.1942441292691,0.366701404091213,"Estimable"
"335","Adv_Stj_21","US17-IL-108-070","Grain.test.weight...lbs.bu",60.2163500106127,0.369234321932264,"Estimable"
"336","Adv_Stj_21","US17-IL-109-046","Grain.test.weight...lbs.bu",58.3019094281275,0.366442631948274,"Estimable"
"337","Adv_Stj_21","US17-IL-109-056","Grain.test.weight...lbs.bu",58.8603029045995,0.517416153290329,"Estimable"
"338","Adv_Stj_21","US17-IL-111-005","Grain.test.weight...lbs.bu",58.2733580310243,0.369198339618383,"Estimable"
"339","Adv_Stj_21","US17-IL-111-006","Grain.test.weight...lbs.bu",59.6344724826035,0.369827276335457,"Estimable"
"340","Adv_Stj_21","US17-IL-111-008","Grain.test.weight...lbs.bu",59.590083403361,0.36662465039348,"Estimable"
"341","Adv_Stj_21","US17-IL-111-012","Grain.test.weight...lbs.bu",58.3178528668602,0.366098852547788,"Estimable"
"342","Adv_Stj_21","US17-IL-111-013","Grain.test.weight...lbs.bu",58.0781729877553,0.36734055386746,"Estimable"
"343","Adv_Stj_21","US17-IL-111-015","Grain.test.weight...lbs.bu",56.3929787253465,0.366915454466483,"Estimable"
"344","Adv_Stj_21","US17-IL-111-019","Grain.test.weight...lbs.bu",57.2429483445491,0.366603296238191,"Estimable"
"345","Adv_Stj_21","US17-IL-111-028","Grain.test.weight...lbs.bu",58.0018524424338,0.515763581081962,"Estimable"
"346","Adv_Stj_21","US17-IL-111-042","Grain.test.weight...lbs.bu",58.0850502094015,0.367060783191533,"Estimable"
"347","Adv_Stj_21","US17-IL-111-049","Grain.test.weight...lbs.bu",56.9404138547032,0.36596845010064,"Estimable"
"348","Adv_Stj_21","US17-IL-112-002","Grain.test.weight...lbs.bu",58.5204765563546,0.37253471127477,"Estimable"
"349","Adv_Stj_21","US17-IL-112-013","Grain.test.weight...lbs.bu",57.1118551464701,0.366600495846403,"Estimable"
"350","Adv_Stj_21","US17-IL-112-035","Grain.test.weight...lbs.bu",57.9047547092394,0.369988413169559,"Estimable"
