observationunit_name,notes
Adv_Urb_21-plot148,exclude_plot:true
Adv_Urb_21-plot153,exclude_plot:true
Adv_Urb_21-plot214,exclude_plot:true
Adv_Urb_21-plot216,exclude_plot:true
Adv_Urb_21-plot465,exclude_plot:true
Adv_Urb_21-plot503,exclude_plot:true
Adv_Urb_21-plot506,exclude_plot:true
Pr_Urb_21-plot435,exclude_plot:true
Pr_Urb_21-plot446,exclude_plot:true
Pr_Urb_21-plot458,exclude_plot:true
Pr_Urb_21-plot459,exclude_plot:true
Pr_Urb_21-plot460,exclude_plot:true
Pr_Urb_21-plot461,exclude_plot:true
Pr_Urb_21-plot466,exclude_plot:true
Pr_Urb_21-plot467,exclude_plot:true
Pr_Urb_21-plot502,exclude_plot:true
Pr_Urb_21-plot503,exclude_plot:true
Pr_Urb_21-plot504,exclude_plot:true
Pr_Urb_21-plot507,exclude_plot:true
Pr_Urb_21-plot517,exclude_plot:true
Pr_Urb_21-plot518,exclude_plot:true
Pr_Urb_21-plot522,exclude_plot:true
Pr_Urb_21-plot526,exclude_plot:true
Pr_Urb_21-plot543,exclude_plot:true
Pr_Urb_21-plot544,exclude_plot:true
Pr_Urb_21-plot545,exclude_plot:true
Pr_Urb_21-plot546,exclude_plot:true
Pr_Urb_21-plot547,exclude_plot:true
Pr_Urb_21-plot548,exclude_plot:true
Pr_Urb_21-plot549,exclude_plot:true
Pr_Urb_21-plot550,exclude_plot:true
Pr_Urb_21-plot551,exclude_plot:true
Pr_Urb_21-plot552,exclude_plot:true
Pr_Urb_21-plot553,exclude_plot:true
Pr_Urb_21-plot554,exclude_plot:true
Pr_Urb_21-plot555,exclude_plot:true
Pr_Urb_21-plot556,exclude_plot:true
Pr_Urb_21-plot603,exclude_plot:true
Pr_Urb_21-plot629,exclude_plot:true
Pr_Urb_21-plot630,exclude_plot:true
Pr_Urb_21-plot631,exclude_plot:true
Pr_Urb_21-plot632,exclude_plot:true
Pr_Urb_21-plot633,exclude_plot:true
Pr_Urb_21-plot634,exclude_plot:true
Pr_Urb_21-plot635,exclude_plot:true
Pr_Urb_21-plot636,exclude_plot:true
Pr_Urb_21-plot637,exclude_plot:true
Pr_Urb_21-plot638,exclude_plot:true
Pr_Urb_21-plot639,exclude_plot:true
Pr_Urb_21-plot640,exclude_plot:true
Pr_Urb_21-plot641,exclude_plot:true
Pr_Urb_21-plot642,exclude_plot:true
Pr_Urb_21-plot721,exclude_plot:true
Pr_Urb_21-plot722,exclude_plot:true
Pr_Urb_21-plot723,exclude_plot:true
Pr_Urb_21-plot724,exclude_plot:true
Pr_Urb_21-plot725,exclude_plot:true
Pr_Urb_21-plot726,exclude_plot:true
Pr_Urb_21-plot727,exclude_plot:true
Pr_Urb_21-plot728,exclude_plot:true
Pr_Urb_21-plot765,exclude_plot:true
Pr_Urb_21-plot766,exclude_plot:true
Pr_Urb_21-plot767,exclude_plot:true
Pr_Urb_21-plot768,exclude_plot:true
Pr_Urb_21-plot808,exclude_plot:true
Pr_Urb_21-plot809,exclude_plot:true
Pr_Urb_21-plot810,exclude_plot:true
Pr_Urb_21-plot811,exclude_plot:true
Pr_Urb_21-plot812,exclude_plot:true
Pr_Urb_21-plot813,exclude_plot:true
Pr_Urb_21-plot814,exclude_plot:true
Pr_Urb_21-plot822,exclude_plot:true
Pr_Urb_21-plot824,exclude_plot:true
Pr_Urb_21-plot845,exclude_plot:true
Pr_Urb_21-plot846,exclude_plot:true
Pr_Urb_21-plot852,exclude_plot:true
Pr_Urb_21-plot853,exclude_plot:true
Pr_Urb_21-plot860,exclude_plot:true
Pr_Urb_21-plot865,exclude_plot:true
Pr_Urb_21-plot866,exclude_plot:true
Pr_Urb_21-plot868,exclude_plot:true
Pr_Urb_21-plot869,exclude_plot:true
Pr_Urb_21-plot926,exclude_plot:true
Pr_Urb_21-plot927,exclude_plot:true
Pr_Urb_21-plot930,exclude_plot:true
Pr_Urb_21-plot931,exclude_plot:true
Pr_Urb_21-plot932,exclude_plot:true
Pr_Urb_21-plot933,exclude_plot:true
Pr_Urb_21-plot934,exclude_plot:true
Pr_Urb_21-plot939,exclude_plot:true
Pr_Urb_21-plot943,exclude_plot:true
Pr_Urb_21-plot944,exclude_plot:true
Pr_Urb_21-plot945,exclude_plot:true
Pr_Urb_21-plot946,exclude_plot:true
Pr_Urb_21-plot947,exclude_plot:true
Pr_Urb_21-plot948,exclude_plot:true
Pr_Urb_21-plot949,exclude_plot:true
Pr_Urb_21-plot950,exclude_plot:true
Pr_Urb_21-plot951,exclude_plot:true
Pr_Urb_21-plot952,exclude_plot:true
Pr_Urb_21-plot953,exclude_plot:true
Pr_Urb_21-plot954,exclude_plot:true
Pr_Urb_21-plot959,exclude_plot:true
Pr_Urb_21-plot963,exclude_plot:true